,SampleID,GA,predicted.GA
0,I1,11.0,12.767142857142854
1,W1,11.0,11.851428571428567
2,B1,11.0,11.363999999999994
3,I2,15.0,16.333142857142857
4,W2,18.0,15.843142857142857
5,B2,16.0,17.128857142857143
6,I3,25.0,25.304285714285715
7,W3,27.0,24.584285714285716
8,B3,27.0,23.98714285714286
9,I4,2.57142857142857,1.073428571428564
10,W4,0.571428571428569,0.7128571428571383
11,B4,0.571428571428569,8.488571428571413
