,SampleID,GA,predicted.GA
0,I1,11.0,11.931257142857131
1,W1,11.0,11.413457142857132
2,B1,11.0,11.637657142857135
3,I2,15.0,15.47177142857143
4,W2,18.0,16.727142857142862
5,B2,16.0,16.808542857142864
6,I3,25.0,24.76205714285716
7,W3,27.0,26.529514285714285
8,B3,27.0,23.899914285714296
9,I4,2.57142857142857,1.271514285714215
10,W4,0.571428571428569,0.1188285714285616
11,B4,0.571428571428569,6.773714285714048
